{
	"IcoMoonType": "selection",
	"icons": [
		{
			"icon": {
				"paths": [
					"M292.571 713.143v109.714q0 22.857-16 38.857t-38.857 16h-182.857q-22.857 0-38.857-16t-16-38.857v-109.714q0-22.857 16-38.857t38.857-16h182.857q22.857 0 38.857 16t16 38.857zM292.571 420.571v109.714q0 22.857-16 38.857t-38.857 16h-182.857q-22.857 0-38.857-16t-16-38.857v-109.714q0-22.857 16-38.857t38.857-16h182.857q22.857 0 38.857 16t16 38.857zM658.286 713.143v109.714q0 22.857-16 38.857t-38.857 16h-182.857q-22.857 0-38.857-16t-16-38.857v-109.714q0-22.857 16-38.857t38.857-16h182.857q22.857 0 38.857 16t16 38.857zM292.571 128v109.714q0 22.857-16 38.857t-38.857 16h-182.857q-22.857 0-38.857-16t-16-38.857v-109.714q0-22.857 16-38.857t38.857-16h182.857q22.857 0 38.857 16t16 38.857zM658.286 420.571v109.714q0 22.857-16 38.857t-38.857 16h-182.857q-22.857 0-38.857-16t-16-38.857v-109.714q0-22.857 16-38.857t38.857-16h182.857q22.857 0 38.857 16t16 38.857zM1024 713.143v109.714q0 22.857-16 38.857t-38.857 16h-182.857q-22.857 0-38.857-16t-16-38.857v-109.714q0-22.857 16-38.857t38.857-16h182.857q22.857 0 38.857 16t16 38.857zM658.286 128v109.714q0 22.857-16 38.857t-38.857 16h-182.857q-22.857 0-38.857-16t-16-38.857v-109.714q0-22.857 16-38.857t38.857-16h182.857q22.857 0 38.857 16t16 38.857zM1024 420.571v109.714q0 22.857-16 38.857t-38.857 16h-182.857q-22.857 0-38.857-16t-16-38.857v-109.714q0-22.857 16-38.857t38.857-16h182.857q22.857 0 38.857 16t16 38.857zM1024 128v109.714q0 22.857-16 38.857t-38.857 16h-182.857q-22.857 0-38.857-16t-16-38.857v-109.714q0-22.857 16-38.857t38.857-16h182.857q22.857 0 38.857 16t16 38.857z"
				],
				"width": 1024.0000534057617,
				"attrs": [],
				"isMulticolor": false,
				"tags": [
					"th"
				],
				"defaultCode": 61450,
				"grid": 14
			},
			"attrs": [],
			"properties": {
				"name": "drag",
				"id": 10,
				"order": 1,
				"prevSize": 28,
				"code": 61450
			},
			"setIdx": 0,
			"setId": 0,
			"iconIdx": 10
		},
		{
			"icon": {
				"paths": [
					"M741.714 755.429q0 22.857-16 38.857l-77.714 77.714q-16 16-38.857 16t-38.857-16l-168-168-168 168q-16 16-38.857 16t-38.857-16l-77.714-77.714q-16-16-16-38.857t16-38.857l168-168-168-168q-16-16-16-38.857t16-38.857l77.714-77.714q16-16 38.857-16t38.857 16l168 168 168-168q16-16 38.857-16t38.857 16l77.714 77.714q16 16 16 38.857t-16 38.857l-168 168 168 168q16 16 16 38.857z"
				],
				"width": 804.5720062255859,
				"attrs": [],
				"isMulticolor": false,
				"tags": [
					"close",
					"remove",
					"times"
				],
				"defaultCode": 61453,
				"grid": 14
			},
			"attrs": [],
			"properties": {
				"name": "remove",
				"id": 13,
				"order": 4,
				"prevSize": 28,
				"code": 61453
			},
			"setIdx": 0,
			"setId": 0,
			"iconIdx": 13
		},
		{
			"icon": {
				"paths": [
					"M1024 566.857v-475.429q0-7.429-5.429-12.857t-12.857-5.429h-914.286q-7.429 0-12.857 5.429t-5.429 12.857v475.429q0 7.429 5.429 12.857t12.857 5.429h914.286q7.429 0 12.857-5.429t5.429-12.857zM1097.143 91.429v621.714q0 37.714-26.857 64.571t-64.571 26.857h-310.857q0 21.143 9.143 44.286t18.286 40.571 9.143 24.857q0 14.857-10.857 25.714t-25.714 10.857h-292.571q-14.857 0-25.714-10.857t-10.857-25.714q0-8 9.143-25.143t18.286-40 9.143-44.571h-310.857q-37.714 0-64.571-26.857t-26.857-64.571v-621.714q0-37.714 26.857-64.571t64.571-26.857h914.286q37.714 0 64.571 26.857t26.857 64.571z"
				],
				"width": 1097.1500434875488,
				"attrs": [],
				"isMulticolor": false,
				"tags": [
					"desktop"
				],
				"defaultCode": 61704,
				"grid": 14
			},
			"attrs": [],
			"properties": {
				"name": "desktop",
				"id": 236,
				"order": 5,
				"prevSize": 28,
				"code": 61704
			},
			"setIdx": 0,
			"setId": 0,
			"iconIdx": 236
		},
		{
			"icon": {
				"paths": [
					"M365.714 804.571q0-14.857-10.857-25.714t-25.714-10.857-25.714 10.857-10.857 25.714 10.857 25.714 25.714 10.857 25.714-10.857 10.857-25.714zM585.143 713.143v-548.571q0-7.429-5.429-12.857t-12.857-5.429h-475.429q-7.429 0-12.857 5.429t-5.429 12.857v548.571q0 7.429 5.429 12.857t12.857 5.429h475.429q7.429 0 12.857-5.429t5.429-12.857zM658.286 164.571v621.714q0 37.714-26.857 64.571t-64.571 26.857h-475.429q-37.714 0-64.571-26.857t-26.857-64.571v-621.714q0-37.714 26.857-64.571t64.571-26.857h475.429q37.714 0 64.571 26.857t26.857 64.571z"
				],
				"width": 658.2870674133301,
				"attrs": [],
				"isMulticolor": false,
				"tags": [
					"tablet"
				],
				"defaultCode": 61706,
				"grid": 14
			},
			"attrs": [],
			"properties": {
				"name": "tablet",
				"id": 238,
				"order": 6,
				"prevSize": 28,
				"code": 61706
			},
			"setIdx": 0,
			"setId": 0,
			"iconIdx": 238
		},
		{
			"icon": {
				"paths": [
					"M265.143 804.571q0-18.857-13.429-32.286t-32.286-13.429-32.286 13.429-13.429 32.286 13.429 32.286 32.286 13.429 32.286-13.429 13.429-32.286zM384 713.143v-402.286q0-7.429-5.429-12.857t-12.857-5.429h-292.571q-7.429 0-12.857 5.429t-5.429 12.857v402.286q0 7.429 5.429 12.857t12.857 5.429h292.571q7.429 0 12.857-5.429t5.429-12.857zM274.286 228.571q0-9.143-9.143-9.143h-91.429q-9.143 0-9.143 9.143t9.143 9.143h91.429q9.143 0 9.143-9.143zM438.857 219.429v585.143q0 29.714-21.714 51.429t-51.429 21.714h-292.571q-29.714 0-51.429-21.714t-21.714-51.429v-585.143q0-29.714 21.714-51.429t51.429-21.714h292.571q29.714 0 51.429 21.714t21.714 51.429z"
				],
				"width": 438.85701751708984,
				"attrs": [],
				"isMulticolor": false,
				"tags": [
					"mobile",
					"mobile-phone"
				],
				"defaultCode": 61707,
				"grid": 14
			},
			"attrs": [],
			"properties": {
				"name": "mobile",
				"id": 239,
				"order": 7,
				"prevSize": 28,
				"code": 61707
			},
			"setIdx": 0,
			"setId": 0,
			"iconIdx": 239
		},
		{
			"icon": {
				"paths": [
					"M658.286 512q0-59.429-23.143-113.429t-62.571-93.429-93.429-62.571-113.429-23.143-113.429 23.143-93.429 62.571-62.571 93.429-23.143 113.429 23.143 113.429 62.571 93.429 93.429 62.571 113.429 23.143 113.429-23.143 93.429-62.571 62.571-93.429 23.143-113.429zM1097.143 512q0-59.429-23.143-113.429t-62.571-93.429-93.429-62.571-113.429-23.143h-220.571q68 51.429 107.714 128t39.714 164.571-39.714 164.571-107.714 128h220.571q59.429 0 113.429-23.143t93.429-62.571 62.571-93.429 23.143-113.429zM1170.286 512q0 74.286-29.143 142t-78 116.571-116.571 78-142 29.143h-438.857q-74.286 0-142-29.143t-116.571-78-78-116.571-29.143-142 29.143-142 78-116.571 116.571-78 142-29.143h438.857q74.286 0 142 29.143t116.571 78 78 116.571 29.143 142z"
				],
				"width": 1170.2871932983398,
				"attrs": [],
				"isMulticolor": false,
				"tags": [
					"toggle-off"
				],
				"defaultCode": 61956,
				"grid": 14
			},
			"attrs": [],
			"properties": {
				"name": "toggle-off",
				"id": 470,
				"order": 2,
				"prevSize": 28,
				"code": 61956
			},
			"setIdx": 0,
			"setId": 0,
			"iconIdx": 470
		},
		{
			"icon": {
				"paths": [
					"M0 512q0-74.286 29.143-142t78-116.571 116.571-78 142-29.143h438.857q74.286 0 142 29.143t116.571 78 78 116.571 29.143 142-29.143 142-78 116.571-116.571 78-142 29.143h-438.857q-74.286 0-142-29.143t-116.571-78-78-116.571-29.143-142zM804.571 804.571q59.429 0 113.429-23.143t93.429-62.571 62.571-93.429 23.143-113.429-23.143-113.429-62.571-93.429-93.429-62.571-113.429-23.143-113.429 23.143-93.429 62.571-62.571 93.429-23.143 113.429 23.143 113.429 62.571 93.429 93.429 62.571 113.429 23.143z"
				],
				"width": 1170.2848930358887,
				"attrs": [],
				"isMulticolor": false,
				"tags": [
					"toggle-on"
				],
				"defaultCode": 61957,
				"grid": 14
			},
			"attrs": [],
			"properties": {
				"name": "toggle-on",
				"id": 471,
				"order": 3,
				"prevSize": 28,
				"code": 61957
			},
			"setIdx": 0,
			"setId": 0,
			"iconIdx": 471
		}
	],
	"height": 1024,
	"metadata": {
		"name": "icomoon"
	},
	"preferences": {
		"showGlyphs": true,
		"showQuickUse": true,
		"showQuickUse2": true,
		"showSVGs": true,
		"fontPref": {
			"prefix": "icon-",
			"metadata": {
				"fontFamily": "icomoon"
			},
			"metrics": {
				"emSize": 1024,
				"baseline": 6.25,
				"whitespace": 50
			},